first,last,phone,zip,city,country,street
Ron,McLaughlin,615-247-4689,99396-0178,South Garfieldview,Kuwait,64984 Alanna Points
Jessica,Wolff,491-863-7990,59998-3623,West Brandt,Mozambique,81263 Iva Trace
Jayme,Frami,629-693-6513,58557-3954,Ignacioview,United States Minor Outlying Islands,0757 Wuckert Shoals
Julius,Mraz,726-006-1066,74516,Rosariomouth,Haiti,99182 Candido Prairie
Domenico,Schaefer,600-732-5190,21603-9504,North Halieland,Djibouti,8708 Hertha Courts
Scarlett,Welch,869-392-8914,56002,Ardithland,Tonga,86999 Hagenes Centers
Nathan,Prosacco,598-372-2121,08885-6321,Dannymouth,Andorra,9476 Willard Cape
Natalie,Green,859-672-4751,46566,Alvahstad,Mongolia,774 Lang Skyway
Duane,VonRueden,189-966-8555,84207,Loweside,Saint Lucia,19753 Emmitt Rapid
Cecilia,Wyman,897-498-0937,64436,Kochport,Burkina Faso,840 Pete Motorway
Triston,Witting,722-718-5461,07919,West Torreybury,Bosnia and Herzegovina,51559 Kaelyn Summit
Rudy,Waters,865-781-9976,46175-9901,Mrazchester,Peru,3355 Pouros Plain
Clementina,Gulgowski,759-510-3221,51921-4695,West Justus,Papua New Guinea,265 Santina Viaduct
Brooklyn,Denesik,712-274-4199,59701-8983,Hildegardstad,Chad,66648 Zack Divide
Chris,Jerde,736-634-9546,81538-7559,Willieside,Martinique,43752 Armstrong Circles
Ryder,Kohler,445-785-0201,74887,Arlenemouth,Bahrain,78979 Nitzsche Rest
Guido,Doyle,390-588-5752,88904,Lexusstad,Sudan,7490 Mariana Lane
Winfield,Gleason,618-194-8216,02431-3534,Wendystad,Croatia,633 Green Passage
Bobby,Mohr,357-197-3276,48629,Port Brisa,Vietnam,12352 Cartwright Highway
Waylon,Stokes,967-803-4981,90898-5802,Lake Akeem,United States of America,5238 Bartell Summit
Estel,Kuhic,084-242-2101,15222-3646,Fayberg,Cayman Islands,82671 Yost Burg
Lilly,Sanford,803-722-5362,99977,East Jolie,Vanuatu,13404 Koepp Crescent
Clarissa,Bode,276-851-8113,80628-7380,North Lydaville,Slovenia,49579 Ocie Parkway
Eldridge,Morar,043-764-4198,91167-6227,Port Zion,Macedonia,263 Ledner Path
Gia,Schumm,908-476-4087,77657-1028,New Annabellshire,Lesotho,1084 Yasmine Tunnel
Lempi,Keebler,611-048-8511,97266-6322,South Haleighmouth,Cayman Islands,337 Borer Ramp
Alexander,Fritsch,000-444-6649,52046-6721,South Scarlettfurt,Saudi Arabia,098 Sim Grove
Micah,Vandervort,367-500-2252,98953-9914,South Glenna,Finland,4364 Shannon Estate
Oral,Towne,551-860-8019,02472-0995,Lake Gracie,Dominican Republic,87133 Lula Causeway
Zander,Dare,167-511-1516,48578,New Shanontown,French Polynesia,4802 Torp Forge
Hazle,Runolfsson,461-079-5774,94659-4211,Hyattton,Uruguay,0666 Dibbert Hills
Carolina,Schimmel,187-351-4801,90066-6409,North Raquel,Mauritania,28701 Bahringer Crest
Vada,Wisoky,042-580-0857,36507-5975,East Stanbury,Belize,668 Cole Manor
Bailee,Cremin,115-462-4008,43188,Lake Lia,Ghana,2094 Glover Hollow
Taurean,Hodkiewicz,163-365-8554,67682-8062,West Saul,Guinea-Bissau,0890 Hammes Park
Daron,Rodriguez,835-287-9945,45472-4460,South Erlingland,Tuvalu,89853 Mraz Divide
Isidro,Brakus,827-822-2963,35816,Swiftland,Venezuela,42188 Homenick Estates
Terrell,Jenkins,225-657-4063,86718-2950,Treyhaven,Denmark,61576 Pagac Lakes
Bridie,Wiegand,117-495-1207,88572,Littleview,Portugal,5654 O'Conner Stream
Nathanael,Boyle,159-762-8405,29041,Christinaland,Falkland Islands (Malvinas),41314 Volkman Circles
Bailee,Zieme,362-954-7129,82785,West Ashlynnland,Guyana,8512 Harber Isle
Art,Predovic,822-210-1275,34147-9246,Port Allisonborough,Martinique,1913 Monserrat Points
Maverick,Lueilwitz,449-341-9641,05495,Violetshire,Guyana,809 Casper Knoll
Itzel,Olson,985-950-3948,52661-6928,Port Zellaview,Libyan Arab Jamahiriya,6954 Tanya Spring
Helmer,Heaney,673-105-7704,11441,North Kurtismouth,Moldova,44432 Kshlerin Crest
Angie,Funk,109-703-7941,39522,Port Sunnychester,Guinea,8248 Schaden Walk
Ethan,Sawayn,242-603-7467,53451-3104,Edwardochester,Jersey,510 Zachariah Spring
Laurine,Quitzon,099-069-8512,37613-0774,New Emma,Venezuela,22917 Imogene Ports
Ozella,Krajcik,487-036-5838,00932,Ladariusview,Guadeloupe,747 Ethel Vista
Oma,Wolf,967-725-0974,01377-6662,Lake Savannaview,Senegal,515 Laisha Row
Matilde,Nicolas,687-530-5771,94133-3288,Streichburgh,Montenegro,682 Huel Drive
Lonzo,Schulist,370-047-7507,29845,New Dulce,Jordan,17366 Nellie Stream
Dorian,Denesik,717-171-6885,99352,Clevelandberg,Reunion,14986 Windler Expressway
Letitia,Davis,135-452-4928,49498-9132,Caspermouth,United Arab Emirates,763 Joanny Hill
Romaine,D'Amore,921-462-4670,25805,Lake Berneicemouth,Serbia,957 Daugherty Haven
Cristobal,Gorczany,106-454-1179,49422,Ludiefort,Colombia,20872 Jacinthe View
Devonte,Russel,062-752-2026,96791,Walterland,Serbia,29631 Torp Corners
Emilia,Kuhic,100-429-9712,93589,Port Sydneychester,Somalia,279 Agustin Run
Hannah,Bogisich,648-088-9951,82575,Corashire,United Kingdom,9288 Beahan Isle
Jessika,Jones,335-600-0667,63928-9744,South Cristalchester,Namibia,005 Dooley Loaf
Lenora,Veum,268-363-7843,45202-7098,Giovanihaven,Cook Islands,1384 Lina Brooks
Zander,Harris,336-166-0119,44625,East Quintenfort,Central African Republic,026 Arvilla Vista
Minerva,Ritchie,917-620-1143,89510,Terryside,Poland,18721 Chase Ridges
Vilma,Kunde,780-270-4114,48489,Lake Elmochester,Serbia,63673 Elmer Stravenue
Jace,Kemmer,311-578-2801,52418,East Macyburgh,Macao,03234 Kiehn Bypass
Reece,Muller,368-360-7867,66118-4199,Schimmelchester,Niue,2684 Kilback Lakes
Randal,Nienow,449-926-5154,67558,Jerdehaven,Uruguay,9286 Katherine Knoll
Everett,Harber,892-046-4402,89711-7028,South Kevinview,Brazil,34664 Rosanna Forges
Kelton,Little,999-360-4522,99005,Port Foreststad,Gambia,808 Uriah Causeway
Adrien,Reinger,621-646-4113,46128-0081,Rodriguezchester,Samoa,47402 Tillman Road
Ransom,Gaylord,949-682-8040,13451-0707,Lake Micaelamouth,Dominican Republic,30317 McGlynn Fords
Kay,Casper,373-498-7318,10454,West Emmitt,Democratic People's Republic of Korea,40215 Lelia Street
Preston,Nicolas,748-109-5680,41433-8242,Brakuston,Sierra Leone,5638 Kira Fork
Anthony,Mohr,349-961-6254,07435-1346,Prosaccoview,Iceland,08578 Bednar Cove
Emil,Muller,316-578-7370,68435-4641,North Cierrahaven,Switzerland,3902 Pearl Spring
Brooke,Emard,245-486-6894,16580-2398,Labadieburgh,Faroe Islands,8016 Landen Tunnel
Eloisa,Kihn,072-319-9564,39450,North Camryn,American Samoa,9028 Schinner Mission
Crystel,Wisozk,356-755-3198,61838,South Ellietown,Mozambique,683 Gleason Rest
Ola,Cormier,449-310-3233,02337,Halvorsonhaven,Lithuania,443 Hessel Skyway
Treva,Leannon,343-448-2077,65339-8806,Pollichchester,Greece,5299 Hartmann Lakes
Earnestine,Daniel,568-806-1155,36941-6053,Port Queenie,Qatar,25305 Braun Square
Samantha,Bashirian,602-260-4948,86866-7387,Keeblerburgh,Guadeloupe,5630 Osinski Hills
Domingo,Stracke,860-619-2159,92252-6594,New Kenna,Liberia,095 Medhurst Pine
Liana,Dooley,143-375-8171,51697,Mullerland,Cocos (Keeling) Islands,3818 Robel Estates
Myriam,Zemlak,531-230-2608,71552,New Svenfort,Senegal,628 Dorris Flat
Lonnie,Baumbach,415-270-6576,71925,South Broderickberg,British Indian Ocean Territory (Chagos Archipelago),63504 Fadel Port
Javier,Romaguera,792-383-3354,03352,Turnerfurt,Svalbard & Jan Mayen Islands,7661 Hattie Path
Vicenta,Weimann,045-492-3577,14338,Khalilmouth,Croatia,85772 Stehr Isle
Bell,Bins,390-481-9329,83199-4973,West Frankie,Lebanon,8599 DuBuque Coves
Elna,Bashirian,227-887-5450,60453-2646,East Emerson,Togo,17395 Jakob Spring
Magdalena,Eichmann,988-025-1468,96054,Reillyfurt,Vietnam,1654 Hayes Freeway
Judah,Beatty,314-523-5176,68687-8774,Lake Morton,Pitcairn Islands,813 Murphy Circles
Theron,Langosh,504-548-1211,67729-1358,South Trevermouth,Egypt,961 Hilario Cape
Frankie,Frami,270-361-3969,69607-7823,North Troyville,Sri Lanka,876 Watsica Crescent
Madie,Kautzer,361-076-4545,43173-7468,Willmouth,Italy,257 Adams Meadow
Layla,Runolfsdottir,396-394-3989,93995-2355,Coralieburgh,British Indian Ocean Territory (Chagos Archipelago),5862 Hackett Key
Juliana,Rutherford,510-519-1871,13584-1087,Welchtown,San Marino,455 Kuhlman Inlet
Roosevelt,Nicolas,136-154-7662,88517,Mariannefort,Zimbabwe,5729 Klein Junctions
Regan,Hirthe,024-707-5877,80823-6277,Melyssaburgh,Chad,447 Jackson Forge
Lindsey,Mueller,244-690-3115,70695-7661,Anabelleside,Martinique,60714 Willms Motorway
Maiya,Ortiz,295-238-0236,24676-9582,Chelseyshire,Guinea-Bissau,288 Josefina Mountain
Autumn,Schmidt,089-286-9276,69597,South Nathanielborough,Saint Lucia,1550 Damian Port
Lesley,Strosin,500-178-2615,37810,Metzhaven,Samoa,475 Matilde Junction
Guadalupe,Powlowski,509-355-1081,05652,New Garfieldmouth,Myanmar,8233 Hamill Hill
Gideon,O'Reilly,264-513-9605,49379,Boehmchester,Kenya,7272 Lakin Path
Greyson,O'Hara,841-718-0655,44722-3547,Corwinburgh,Haiti,4019 Beier Glens
Anjali,Crona,287-428-8522,03339,Kenyattamouth,Slovenia,1538 Abernathy Road
Fannie,Reynolds,148-820-4111,49887-4980,New Buck,Tanzania,665 Carter Manor
Brionna,Turner,251-645-3991,44433,North Emma,Netherlands,53999 Ross Extension
Rahul,Gibson,996-051-2749,80253,Kiehnland,Philippines,4535 Dietrich Isle
Jacklyn,Labadie,374-059-7889,73805-2124,East Jennifer,Norway,5961 Eryn Port
Augustine,Miller,817-697-7210,51106,Dickinsonborough,Jamaica,6876 Lupe Meadows
Ruby,Hilpert,688-127-8863,54839-3425,Kristofferchester,Madagascar,10815 Leanne Camp
Kiley,Walsh,619-824-2544,30720-2230,Juniusport,Venezuela,10706 Tristin Shoals
Marcel,Bednar,085-320-8361,32492-1764,North Raina,Malta,3425 Owen Common
Fidel,Jerde,992-277-8324,80803-7655,South Estelleside,Kiribati,134 Davin Freeway
Jeffrey,Herzog,063-804-4571,59465,Katarinatown,Greenland,69438 Stevie Field
Juana,Schulist,783-183-4358,16025-4711,Jerdefurt,Montenegro,5040 Crystal Shoals
Sean,Reichert,263-679-3764,64825,Blairfurt,Equatorial Guinea,907 Runolfsdottir Lakes
Oleta,Watsica,724-795-5790,88272-6308,Port Eliezermouth,Finland,6369 Sydnie Groves
Mellie,Klein,690-553-9199,78349,Kuvalisville,Kyrgyz Republic,454 Micah Valleys
Luigi,Wyman,956-342-3906,87588-3295,Leschborough,Eritrea,80502 Kamron Mountain
Roxane,Daniel,681-248-2647,76337-0609,Port Layneshire,Oman,63799 McClure Lodge
Dallin,Parker,799-957-1701,79283-5824,Vellaberg,Anguilla,2386 Bertrand Mountain
Domenick,Sipes,363-073-7679,35657-3985,East Eltaburgh,Papua New Guinea,79965 Parisian Walks
Cordie,Kozey,324-604-5126,36651,Violamouth,Lithuania,9686 Nicolette Meadows
Conor,Swaniawski,248-425-1347,65121-6225,North Gordonhaven,Guadeloupe,61444 Wisoky Mall
Hilton,Hartmann,360-618-5665,56081-6169,Lake Keltonchester,Sweden,14731 Shanna Pike
Coty,Okuneva,798-506-0548,87244,Zackaryville,Czech Republic,1021 Princess Row
Braden,Stoltenberg,691-554-0103,12753,Satterfieldberg,Cameroon,06791 Murphy Overpass
Stanton,Fisher,229-463-2182,74069,Lake Cortez,Uganda,29076 Herman Curve
Lonzo,Senger,134-981-5067,71368-9959,Wisozkview,Heard Island and McDonald Islands,673 Zulauf Centers
Hugh,Nikolaus,929-538-5712,11047,New Marystad,New Zealand,92273 Karina Pine
Neil,Huels,434-304-1758,40083,Port Luther,Guinea,28007 Jovani Groves
Bernadine,Aufderhar,496-785-9557,36658-4933,Ignatiusport,Bahrain,537 Graham Trace
Jennyfer,Hirthe,173-101-5135,25875,Stehrmouth,New Zealand,04688 Juvenal Crescent
Wilburn,White,333-340-1384,24672-0843,Ramonstad,Australia,7512 Sammie Mills
Edgardo,Ritchie,268-949-6976,55112-7143,East Vance,Guernsey,6589 Kuphal Lane
Madeline,Harris,531-492-4915,26080,Armstrongberg,Tanzania,2161 Milan Stravenue
Corrine,Hartmann,003-658-6027,13847-4312,Towneborough,Honduras,1537 Lebsack Forge
Tressa,Rutherford,932-141-3257,75987,Lake Eleazar,Canada,862 Veum Loop
Arnoldo,Balistreri,543-067-4309,40639-6396,Julianneburgh,Burkina Faso,99972 Hans Plaza
Leta,Ebert,962-571-1446,26552,Lake Raymundoburgh,Holy See (Vatican City State),069 Daniela Plains
Piper,Zieme,210-461-1814,59953,Lake Ottilieview,Indonesia,0528 Laurel Turnpike
Jude,Tremblay,790-211-1145,49115-4028,North Noemibury,Guam,3913 Tre Pines
Vinnie,Keebler,161-222-1343,69796-5993,New Rubenburgh,Maldives,6800 Dariana Point
Novella,Bergstrom,024-684-5254,21922-8288,Alexandroberg,Jordan,218 Treutel Stravenue
Keaton,Hilpert,628-706-2151,19530,South Elroyside,Haiti,282 Herman Track
Haley,Muller,486-348-3682,49643,New Delmerbury,Qatar,826 Roob Pike
Esteban,Bradtke,134-063-7894,37457-6983,Ferrybury,Liechtenstein,698 Wisoky Extension
Mallory,Jones,650-999-3685,84633-1210,Myabury,Bulgaria,845 Jakob Shoal
Aditya,Feest,197-819-1796,05089-9831,North Pietro,Ethiopia,52723 Ellsworth Path
Mellie,Kohler,557-912-1199,42126-3498,Port Nickolasberg,Mali,11773 Nader Turnpike
Johanna,Cassin,430-848-5605,98869-5469,O'Connellshire,Cameroon,5701 Lueilwitz Common
Jake,King,396-403-9668,69989,Thielhaven,Mayotte,51600 Clyde Island
Roslyn,Glover,272-402-3203,44160,Lake Larry,Guernsey,216 Ratke Light
Helen,Mueller,700-464-6682,37523,East Americo,Isle of Man,361 Garett Mission
Donald,McGlynn,293-169-1763,45605,Jaidenburgh,Gabon,59424 Armstrong Summit
Lucio,Goldner,863-462-9441,74456-2562,Turnertown,Netherlands,453 Celia Lane
Ozella,Watsica,182-365-9371,86880-0708,South Pietro,Saint Martin,443 Dickens Extensions
Gerry,Ankunding,270-690-2645,72446-3349,Lake Devon,New Zealand,49426 Schamberger Parkways
Desiree,Stokes,142-515-2726,10069-9827,Lake Ernest,Montserrat,088 Reinger Isle
Maximillian,Kuhn,410-758-1935,40361,Howeville,Cocos (Keeling) Islands,84620 Kilback Manor
Casimir,Willms,468-068-5629,01230-2221,New Maximoborough,Malta,854 Upton River
Ursula,Stroman,395-411-0210,94321,Citlalliton,Madagascar,89452 Enoch Brook
Carlie,Hudson,112-696-7948,63069,East Jorge,Syrian Arab Republic,28328 Hillard Rue
Jefferey,Schiller,371-232-6693,28233,North Arno,Venezuela,92030 Rosalyn River
Dawn,Rosenbaum,252-594-8980,24202-3600,Feesthaven,Antarctica (the territory South of 60 deg S),21027 Earnest Mountain
Levi,Conroy,726-207-9505,64641-8323,Kozeyhaven,Syrian Arab Republic,6904 Cynthia Pike
Lamont,Kautzer,568-907-6832,74255-8445,Kolbyside,Saint Vincent and the Grenadines,700 Rhett Crescent
Paxton,Kuhn,661-353-6094,26737-7138,Shanelleland,Slovenia,86491 Conroy Flat
Isac,Yundt,707-691-2052,30631-8128,Schmelerchester,Virgin Islands, British,93318 Meagan Walks
Brando,Durgan,239-370-9141,32166,Champlinberg,Belgium,18650 Roberts Terrace
Eriberto,Welch,380-785-7764,87472-3521,Lake Gudrunshire,British Indian Ocean Territory (Chagos Archipelago),366 Rowe Fort
Nicholaus,Murray,673-781-1502,30286-0313,Ziemechester,Ghana,86772 Stiedemann Stravenue
Kenton,Bergnaum,871-217-7052,64410-2407,MacGyverbury,Fiji,29318 Kuvalis Squares
Barry,Waters,529-760-1043,48428-4311,Blandastad,Samoa,968 Nader Spur
Lisandro,Greenfelder,634-891-5909,80948,Port Aureliofurt,Nepal,98342 Obie River
Summer,Cronin,429-133-8118,62306-4750,East Ara,Rwanda,047 Schiller Forest
Felix,Turner,820-594-1882,17094,New Pansy,Argentina,17676 Zackery Glens
Ines,Lindgren,968-179-3032,01569,Port Travisfurt,Malaysia,555 Hilpert Park
Carissa,Marks,212-473-5229,05945,South Meaghan,Vietnam,072 Augustus Ville
Ophelia,Frami,703-326-5027,36229,Friesenfort,Kazakhstan,45263 George Plains
Twila,Feeney,340-687-8034,24244-6598,Port Edyth,Philippines,535 Tremblay Isle
Katlyn,Schuster,940-746-6190,97093,Port Rafaelburgh,Isle of Man,62501 Fiona Stravenue
Tatum,Abernathy,626-045-2280,56488,Shannontown,Martinique,5031 Missouri Prairie
Natalia,Murphy,346-429-3213,54588,Lake Haylee,Aruba,69479 Nola Square
Marcellus,Jakubowski,892-601-1078,55931-0196,Okeyborough,Djibouti,322 Rodriguez Expressway
Demarcus,Koelpin,812-079-1485,92937-9975,Jackyland,Bolivia,3020 Maggio Meadow
Zack,Rutherford,330-538-2835,74331,Blickland,Papua New Guinea,199 Porter Forks
Abelardo,Heller,245-473-1778,67381-2063,Loraineside,Turks and Caicos Islands,77673 Stan Camp
Cornelius,Rippin,778-996-5400,99643,New Mackenzieburgh,Nepal,55644 Becker Highway
Pattie,Corwin,931-771-3101,83970-2266,Dameonmouth,Pitcairn Islands,069 Stokes Trail
Tyrese,Torphy,173-357-4886,55105-8586,West Arlene,Indonesia,256 Heaney Locks
Jewel,Hammes,909-402-3614,97874,Schillerberg,Colombia,856 Anya Mountain
Marlen,Klein,640-605-4088,93520,Aidaton,Swaziland,80327 Felton Place
Prudence,Rath,698-198-9749,29470,Kathleentown,Pitcairn Islands,554 Dave Crescent
Vicente,Schultz,552-763-4815,32264-1685,Bobbiechester,Marshall Islands,10973 Emard Plains
Rahul,Greenholt,524-728-1692,60739,Alexandriaville,French Guiana,7901 Jaeden Ramp
Martine,Wisozk,913-961-4577,33931,East Dorian,Saint Pierre and Miquelon,273 Maxine Path
Maximo,O'Hara,764-108-6930,40838,Deondreview,Argentina,57728 Osinski Mews
Ephraim,Shanahan,667-915-3020,46538-9254,New Hunterfort,Ghana,040 Maxine Locks
April,Windler,311-796-0186,83925,Ibrahimfort,Malta,7336 Jermey Extensions
Rosalinda,Altenwerth,018-914-9752,60118-6611,West Nannie,United Arab Emirates,572 Emmerich Pike
Gracie,Bartell,334-469-3382,12269-5168,New Tessieside,Solomon Islands,723 Jared Burgs
Rowland,Kemmer,314-515-1462,39720,North Orie,Saint Helena,517 Berge Crest
Lew,Mertz,949-880-0400,44841-8305,Tristonmouth,Bahamas,945 Larissa Summit
Bethany,Schneider,926-793-7460,33364-2843,Larkinville,Togo,29331 Cartwright Burg
Burley,Gleason,408-241-6867,95237,Lake Margaretmouth,Georgia,087 Blanda Land
Pierce,Kunde,724-072-3629,62339-6221,Lake Makenziefort,Bahamas,43609 Pfeffer Crest
Krystina,Zemlak,417-579-4731,20361-6409,West Maybelle,Kazakhstan,50747 Stehr Mall
Imelda,Reynolds,769-640-7797,99583-9789,O'Reillyville,Jamaica,4105 Yost Street
Kim,Schamberger,430-214-8953,14471,Port Arch,Ethiopia,759 Lilly Place
Tate,Zboncak,081-619-4958,87958,South Ephraim,Iraq,1148 Einar Street
Trycia,Doyle,607-748-6603,95266,Minervashire,Swaziland,97930 Karina Port
Alvera,Casper,376-683-1318,22368-4470,Lake Marcelinoburgh,Slovakia (Slovak Republic),54913 Blanche Station
Hans,Rau,213-237-6745,84245,Leschfurt,Republic of Korea,8552 Derek Islands
Odessa,Howe,658-753-4960,18180,West Carlohaven,Armenia,42905 Conn Mountains
Gaston,Marks,962-762-1761,46686,Port Wilbert,Marshall Islands,5829 Cremin Valleys
Camron,Rippin,122-950-9014,48681-4695,Marianbury,Puerto Rico,225 Marco Unions
Cheyanne,Shields,752-805-4181,30760,North Aliceside,Spain,729 Karelle Rue
Devon,Auer,359-795-4320,17633,Ebertmouth,Albania,56629 Casimir Spring
Andreanne,Heidenreich,511-990-7507,84626,Bettestad,Haiti,00322 Quigley Unions
Roscoe,Walker,017-004-8054,20338-2220,North Kyleigh,Grenada,668 Armstrong Alley
Andrew,Graham,766-863-4550,93537,Port Judgeborough,Iraq,6853 Kellie Centers
Theodore,Hand,875-186-4026,91381,New Randy,Botswana,3903 Hammes Meadows
Lew,Reinger,519-080-7024,08327-1267,East Ollie,South Africa,4849 Charlie Track
Kendra,Sanford,236-885-1937,67380-6556,East Jessie,Singapore,015 Effertz Keys
Briana,Berge,460-108-0805,69906,South Cayla,Democratic People's Republic of Korea,8770 Doyle Mission
Julie,Koss,928-847-8088,42731,Bashirianhaven,Ecuador,74825 Gutkowski Forge
Einar,Morissette,516-584-2351,44737-3587,Stromanburgh,Mayotte,37553 Justine Avenue
Braden,Schowalter,489-084-7481,22476-4136,Deonfort,Australia,586 Yesenia Court
Tanya,Rosenbaum,249-268-4198,88606,East Ella,United States of America,980 Ignacio Islands
Vivian,Jakubowski,427-926-5566,92066,New Felix,Mongolia,49622 Lysanne Neck
Brandy,Cassin,907-652-5363,95369,Wadeville,Equatorial Guinea,255 Beatty Hills
Elza,Cummerata,766-168-8435,95932-8161,North Alanisfurt,Antigua and Barbuda,934 Armstrong Islands
Casey,Blick,357-631-9691,74506-3854,Port Cornelius,Malawi,84665 Schuster Cliffs
Violette,Kuphal,763-613-8109,97978-9837,Yostbury,Comoros,7454 Lou Roads
Pablo,Hudson,715-137-5470,82500,South Zackary,Philippines,7822 Schroeder Stravenue
Robb,Gislason,986-298-0026,81714,South Emilebury,San Marino,2339 Shane Burg
Ayden,Feeney,073-601-7584,93382-7262,New Othamouth,Brunei Darussalam,579 Rickey Ranch
Leda,Swaniawski,558-476-8825,67851-4879,New Elda,Tonga,3608 Thomas Dam
Darrick,Koelpin,832-031-0994,94075,Adamsstad,Northern Mariana Islands,553 Gottlieb Mission
Jesse,Cartwright,851-729-1342,91240-4476,West Berta,Guinea,8281 Delbert Ville
Earl,O'Hara,596-161-7609,29618,North Deanna,Peru,3719 Janet Fords
Ellis,O'Hara,254-643-9889,65233-0571,Auerhaven,Philippines,8334 Kshlerin Greens
Isobel,Howe,222-169-5341,15241-0867,East Tevinborough,Samoa,772 Schulist River
Alison,Upton,286-274-9042,67435,Beattyburgh,Panama,674 Pacocha Turnpike
Liliane,Zulauf,564-202-5224,09284-3615,Freidafurt,Guam,7997 Leannon Place
Sandra,Lubowitz,202-801-1286,20831-1253,East Eldridgefort,Yemen,45121 Flavio Road
Bartholome,Quitzon,176-169-0635,10299-5601,Emelymouth,Ukraine,5223 Jenkins Tunnel
Dejon,Howe,378-472-5900,89105-4414,New Arlomouth,Paraguay,6313 Kolby Loop
Olin,Bayer,781-910-1472,14252,Port Chelseymouth,Martinique,1085 Quinten Court
Edwin,Wyman,106-095-2410,34320-2365,Nellafort,United Kingdom,508 Nicolas Pike
Alfreda,Kuhlman,280-382-0236,03364-6005,New Kennedihaven,Timor-Leste,58728 McClure Cape
Keith,Gorczany,361-551-4114,44883,Blakechester,Azerbaijan,3986 Rowe Inlet
Frieda,Little,746-713-0679,55518,Port Joey,Cuba,6019 Moses Via
Kali,Johns,124-459-3546,20245-4676,North Ali,Uruguay,7697 Mertz Landing
Morton,Leuschke,228-197-9350,78420-3567,Port Mathilde,Tanzania,90357 Rex Villages
Laverna,Ernser,501-201-1658,17289-4789,Port Fernando,Bolivia,6736 Tre Points
Irwin,Leannon,417-518-2099,60098-8348,Macejkovicville,Bosnia and Herzegovina,8314 Giles Hill
Roslyn,Paucek,661-660-3066,45578,West Arnaldo,Gabon,8204 Seamus Dale
Graham,Feeney,045-733-2803,62771-6259,West Cristalmouth,Jersey,18158 Zion Drives
Mikayla,Nolan,568-344-4362,77749,Lake Clotildeshire,Syrian Arab Republic,6229 Adela Circles
Maryam,Stehr,592-726-6507,79620,Mitchellview,Bosnia and Herzegovina,6442 Mann Mount
Eric,Lynch,119-211-6024,95911,Raufurt,British Indian Ocean Territory (Chagos Archipelago),50862 Gleason Grove
Della,Crooks,720-768-7148,45983,North Parkerland,Malawi,7062 Boyle Bypass
Marge,Koepp,610-050-2444,90947,Baumbachside,Grenada,538 Yost Summit
Omer,Turcotte,619-815-3246,26135-8764,Beahanmouth,Ethiopia,1264 Herman River
Erich,Labadie,002-617-5475,70258,North Carliborough,Iran,86453 Jaylan Station
Jesse,Cormier,762-639-3909,98140,Juanitaborough,Cyprus,720 Davonte Via
Abelardo,Ankunding,065-704-6122,52664-7529,North Melyna,Japan,41955 Aufderhar Pike
Gaston,Nicolas,064-972-9529,71841-7776,Hartmannchester,Swaziland,02447 Gussie Motorway
Eula,Lueilwitz,297-101-5636,76159-1096,Lake Rupertstad,Slovenia,8127 Adams Dale
Rey,Marks,169-668-5190,94621,Merrittborough,Vietnam,595 Anderson Course
Dalton,Schroeder,323-430-9179,30063,South Geoville,Cambodia,66161 Baumbach Street
Sandrine,Nikolaus,875-199-2065,84043-0284,East Johanna,Cocos (Keeling) Islands,779 Christopher Creek
Torey,Cormier,437-851-2609,51950,Denesikside,Kuwait,9313 Sienna Fields
Roscoe,Trantow,854-237-9459,34921,New Bennyville,Guadeloupe,6854 Labadie Expressway
Melvin,Rodriguez,699-095-0757,00446,Vidalshire,Slovenia,3006 Ardella Brook
Juvenal,Dickens,608-422-6913,71893-3356,Port David,Turkmenistan,6405 Reichert Street
Clifford,Cassin,403-657-7014,76283,East Arianeberg,Saint Vincent and the Grenadines,4524 Lehner Crest
Muhammad,Will,807-847-9788,16253-4749,Krajcikborough,Burundi,729 Brandyn Path
Barton,Orn,809-752-1308,25597-5179,East Parkerborough,Czech Republic,4867 Ofelia Gardens
Leda,Mills,486-673-4577,56603,Efrainshire,Finland,88456 Beaulah Club
Hailee,Dach,291-693-1789,13878,Elmirastad,Anguilla,3458 Franz Garden
Lorine,Parisian,416-310-5800,55369,South Toymouth,Iran,2329 Cassin Pike
Doug,Kerluke,826-589-5113,97460,Funkville,Netherlands,68580 Friesen Camp
Murray,Haag,105-219-4939,16578-8772,West Katharina,Heard Island and McDonald Islands,37186 Barton Field
Elmer,Schuster,995-708-5778,52427-6878,South Delltown,Gabon,217 Sheridan Hill
Kristy,Crooks,196-676-1906,45968,Pfefferfurt,French Polynesia,21537 Bosco Island
Ada,Kirlin,821-670-5694,72870-5441,New Novellaland,Guadeloupe,355 Schultz Lock
Jocelyn,Wilderman,023-967-1791,53597,North Adelbertton,Papua New Guinea,90725 Mann Fort
Jordane,Becker,669-005-0419,40421-6767,Framiburgh,Uruguay,92794 Vena Pines
Sophia,Kovacek,361-491-4231,11518,Letaborough,India,30416 Hickle Plains
Esteban,Mertz,263-895-1337,14787,South Friedaburgh,Samoa,01343 Donnelly Glen
Stone,Renner,915-019-1606,03839-7430,Keshaunton,Bahamas,03793 Hartmann Manor
Dallas,Mohr,607-235-7617,90205,Klockomouth,Brazil,432 Bechtelar Ports
Laisha,Wisozk,742-856-9453,18355-2721,East Travon,Western Sahara,93505 Bailey Loaf
Arjun,Jakubowski,167-287-3877,36759-2736,New Elissa,Ireland,8271 Batz Mountains
Carolyne,Farrell,717-888-0960,84788,Demondfurt,Norway,267 Bailey Glen
Robert,Welch,692-750-0168,00232-2519,South Grayceville,Estonia,4084 Giovanna Spurs
Adrian,Kuhlman,319-181-3818,71195,Schinnerview,Monaco,90109 Saul Avenue
Jameson,Howe,986-367-9888,90421-7901,South Lorainebury,Namibia,6935 Darryl Loop
Adrien,Cartwright,473-120-6916,30079-1149,Beerville,Vanuatu,25709 Sylvia Fall
Gonzalo,Baumbach,624-845-1092,46168,Meggieville,Greece,9189 Jerod Meadows
Amara,Mosciski,904-590-3569,97550,New Torrance,Albania,84186 Pagac Bridge
Oda,Cartwright,736-044-3733,37117,Dariusmouth,Japan,1857 Xander Fort
Mauricio,Predovic,447-008-0026,41001,Lake Josianneborough,Belarus,275 O'Hara Mountains
Zackery,Kihn,024-693-2270,38828-9716,Pietroville,Poland,1563 Upton Union
Helmer,Stroman,335-721-9788,69592,West Dustychester,Kuwait,106 Brown Corners
Bailey,Fisher,821-250-5697,14073-6216,Port Kirstinshire,Western Sahara,017 Lilyan Estate
Laurie,Renner,451-296-8826,05666,Shannyton,Montserrat,83778 Wuckert Drives
Marvin,Zboncak,604-672-4561,10339,Marquardtburgh,Gabon,295 Letitia Rue
Velva,Kulas,139-415-4736,38871,Lake Jeff,Nigeria,38550 Timothy Lock
Mozell,Volkman,666-609-8048,16524-3576,East Godfreyburgh,Saudi Arabia,69574 Lakin Turnpike
Golden,Farrell,000-726-1385,12770,South Ayla,Brazil,4516 Konopelski Meadows
Rocky,Friesen,290-846-1578,16281,Yostburgh,Botswana,88128 Morar Tunnel
Neha,Raynor,582-083-6508,80587-9906,Keaganfort,Papua New Guinea,6056 Kelley Wells
Adell,Sporer,471-597-0843,07627,Gradyhaven,Cayman Islands,7515 Cassie Greens
Antoinette,Rowe,608-331-0854,16305-6978,Kaliborough,Cayman Islands,6596 Lesch Meadow
Joshua,Kuhic,866-818-9514,55263,Porterfort,Barbados,31244 Alexis Crossroad
Devan,Kovacek,072-533-0635,69834,Carrollburgh,Costa Rica,2680 Adalberto Plain
Marlon,Connelly,891-652-0892,47305-5245,Lake Audrafurt,Niue,98367 Wilford Plaza
Jaime,Hauck,258-036-0753,75216-4379,North Kimport,Mexico,321 Yost Fork
Fay,Mayer,310-835-4208,55224-1891,Madieport,Vietnam,5438 Powlowski Estates
Eudora,Kutch,950-915-1477,87543-8310,North Belleton,Portugal,378 Goodwin Lights
Leda,Hessel,557-496-7938,36044,Hermistonview,Morocco,6825 Abel Island
Antwon,Mills,429-763-5698,70367,Karolannmouth,Colombia,0471 Kraig Highway
Ila,Ward,810-872-9563,42743-7787,North Justonfurt,Venezuela,2366 Glover Mission
Victor,Borer,495-565-7898,41219,Jettiehaven,United States of America,32721 Maximilian Mall
Mustafa,Botsford,094-297-4142,61649-9081,Port Alexandrea,Madagascar,8727 Kaleigh Crossing
Kayden,Windler,117-736-9149,41719-1003,Ottischester,Holy See (Vatican City State),04728 Cathy Crest
Daniella,Kunze,993-270-9195,47203,Susanchester,Benin,495 Hyatt Streets
Reed,Keebler,284-183-5379,43167-0798,West Francescofurt,Uruguay,7998 Name Ville
Karianne,Kerluke,810-285-0440,82231,Lake Torranceview,Comoros,449 Mills Junction
Pietro,Prohaska,504-608-2632,69433,Erdmanchester,Ecuador,3600 Miller Route
Brigitte,Graham,535-027-7297,99251-6747,Lake Ressie,Isle of Man,321 Alec Ports
London,Gorczany,027-880-2750,60009,New Geovany,British Indian Ocean Territory (Chagos Archipelago),4609 Mackenzie Row
Rahsaan,Hane,030-728-2198,52201-1627,Crooksville,Samoa,1445 Holly Spur
Garfield,Howe,783-596-7026,71640-0156,Port Ricardofurt,Palau,74020 Walton Circles
Rachel,Leannon,258-658-9578,95291,Ortizport,Democratic People's Republic of Korea,1047 O'Kon Squares
Joel,Auer,551-862-0230,73520,South Jerrell,Reunion,48007 Langosh Throughway
Karina,Orn,425-187-8071,39695-1233,West Maynard,Niger,3846 Brown Fields
Jerel,Wilkinson,580-070-8093,61395,South Paulahaven,Togo,19562 Walsh Stravenue
Audreanne,West,528-300-7208,22764,Lucindashire,British Indian Ocean Territory (Chagos Archipelago),51427 Bosco Circles
Mina,Durgan,475-008-0625,89778-0877,New Colleen,Lesotho,53234 Asa Terrace
Deanna,Muller,731-208-0823,82631,South Lavon,Rwanda,1476 Rahul Tunnel
Eloise,Brakus,627-304-0603,93123,Lake Titusland,New Zealand,36155 Kirlin Ridge
Jettie,Nolan,720-507-8213,58857,Chaunceyfurt,South Africa,04361 Bernie Rapids
Hope,Lemke,778-528-2290,08015,Camrenmouth,San Marino,2260 Spinka Center
Elwin,Yundt,102-741-1775,49502,Shanelburgh,Marshall Islands,584 Harvey Expressway
Dulce,Kozey,730-102-6319,92759,East Blakeburgh,Taiwan,5275 Wisozk Trafficway
Nathen,Smitham,939-993-9588,03338,Port Louisa,Vietnam,9725 Karina Skyway
Wayne,Bechtelar,445-882-4296,77592,East Catharineshire,Switzerland,086 Quinten Way
Blanca,Toy,778-437-3981,05739,North Aimeeland,Maldives,15849 Dusty Estate
Stephany,Mertz,412-946-5748,61437,Schaeferview,Portugal,11258 London Expressway
Rosario,Bruen,223-808-8391,83337-3800,Paucekborough,Bouvet Island (Bouvetoya),0528 Hammes Bypass
Isaac,Leffler,542-531-2264,66686,Gibsonside,Mayotte,36952 Schmeler Radial
Jaeden,Bahringer,349-218-4470,24416,Constanceville,Tajikistan,8167 Schuster Drive
Ralph,Reinger,508-258-5675,30631-7251,West Augustineton,Portugal,4094 Shannon Vista
Deion,Simonis,904-111-7634,91995,New Kiley,Venezuela,14325 Brock Path
Cassie,Gibson,451-604-4026,96242,North Meggiefurt,Estonia,6969 Destiny Island
Jeramie,Zboncak,619-280-9219,90653-4816,North Jessfort,Latvia,4005 Branson Gardens
Alexandrea,Greenholt,358-871-2820,35489,Lake Revaport,Venezuela,967 Dovie Plain
Theodore,Hammes,456-629-4660,50431,Emmanuelborough,Colombia,84503 Hackett Run
Abdullah,Schimmel,010-320-7824,53193-8352,North Jarrett,Puerto Rico,502 Brandt Points
Ava,Prosacco,395-979-6557,48160-1496,Trompville,Indonesia,730 Jones Radial
Morton,Schumm,589-996-3483,44203,North Perry,Chile,6236 Scot Course
Maurine,Williamson,153-028-2927,73154,Port Lindsey,Armenia,48104 Coralie Vista
Gerald,Lueilwitz,666-994-4887,46668,Kubside,Syrian Arab Republic,928 Benton Wells
Augusta,Murphy,248-781-3352,18526-3094,Port Reginald,Bhutan,537 Thomas Bridge
Roselyn,Schaden,183-845-9325,52206-9056,New Hermanchester,Portugal,72007 Preston River
Jena,Bashirian,778-400-7517,05848,Schuppeport,Moldova,5289 Feest Flat
Immanuel,Leffler,371-223-3909,67958,Donnellyton,Gabon,09374 Heath Locks
Vincent,Grimes,585-325-5435,30173-6405,Breannastad,Macao,0239 O'Hara Trail
Diana,Bednar,705-367-9287,30232,South Aftonmouth,Kazakhstan,135 Hackett Meadow
Alejandra,Medhurst,894-694-9826,73823,Luettgenton,Colombia,087 Landen Spring
Ofelia,Bartoletti,041-404-9300,23906-4556,Breitenberghaven,Mayotte,851 Norene Harbor
Alycia,Hirthe,820-297-5155,74631-9047,North Johann,Singapore,670 Schmeler Spurs
Edd,Rempel,617-141-0933,47775-0558,Port Vernberg,Poland,59292 Wiza Junction
Daren,Haley,323-161-2852,91663-1986,New Kim,Latvia,2064 Balistreri Forges
Liliana,Gottlieb,344-377-0032,27037-1964,East Katrinemouth,Lebanon,36484 Nayeli Harbors
Birdie,Pollich,157-142-8954,98874-9180,Lake Adeline,Germany,44146 Tatum Ferry
Jaida,Blanda,697-992-7445,32599,New Reina,French Guiana,324 Zelda Square
Oma,Jacobson,041-982-5945,42873,North Irwintown,Malaysia,9538 Jason Divide
Helene,Pollich,277-219-7554,04534,Port Elianland,Togo,22929 Gislason Keys
Marques,Tremblay,412-526-2084,88850,Bonnieberg,Belgium,880 Cole Trace
Kaci,Halvorson,364-533-3051,51467-2923,Angelicaland,Iraq,29726 Rosina Isle
Jaylen,Rath,748-678-6367,08349,Corwinton,Romania,8693 Laila Trafficway
Augustine,Farrell,524-738-2511,45140,New Evie,Guinea-Bissau,6275 Kaci Flats
Benjamin,Kub,851-837-7542,41946-5083,Erdmanburgh,Guyana,6957 Autumn Summit
Isabella,O'Hara,955-464-2190,76395-7856,South Graycemouth,Kiribati,309 Annetta Crest
Gerry,Boyer,031-459-6816,70614,Gaylestad,Iceland,452 Murphy Mall
Vivian,Ward,572-400-0538,85449,South Watsonport,United States Minor Outlying Islands,157 O'Hara Prairie
Alayna,Becker,045-106-9566,75700-8065,North Laviniafort,Zambia,92465 Sawayn Throughway
Magali,Bayer,655-343-1956,48183,Johnnybury,Cote d'Ivoire,3201 Schoen Crossing
Herta,Volkman,252-426-3935,53120,Valentinville,Andorra,71999 Conroy Place
Alyson,Christiansen,441-001-3571,85672-0509,Clayside,Belize,0702 Donnelly Viaduct
Araceli,Metz,264-985-7799,42577,North Haskell,Taiwan,02579 Halvorson Harbor
Mario,Hahn,171-107-1927,85121,New Edyth,Malaysia,09842 Vinnie Cove
Filiberto,Hackett,137-769-2574,67945-0889,North Emerson,Colombia,157 Purdy Corners
Darlene,Kovacek,657-166-7200,78673-1512,Lake Augusta,Finland,76944 Powlowski Key
Rodger,Watsica,741-661-2960,03301-6055,West Maryside,Faroe Islands,357 Kiehn Rapid
Broderick,Lebsack,202-340-5808,99971,South Akeemville,Serbia,95926 Dietrich Flat
Ferne,Grant,772-942-4248,79924,Kemmerview,Czech Republic,7630 Toney Locks
Ed,Zemlak,671-731-6997,40561-7498,Fernemouth,Chile,0171 Stehr Vista
Tate,DuBuque,518-185-2363,60014-4948,Mitchellchester,Saint Martin,34685 Claudie Place
Chandler,Dietrich,411-557-7493,52065-2831,New Jose,Malawi,8780 Ernser Ways
Grayson,Huel,720-277-0559,04909,New Layla,Wallis and Futuna,4756 Fritsch Gateway
Reynold,Botsford,454-655-8470,79638,East Aiden,Cambodia,603 Brown Mills
Clementina,Frami,278-523-1908,90961,Conradstad,United States of America,1066 Collier Lock
Elizabeth,Huel,129-911-9985,60391-8139,Lake Caylaburgh,Ghana,09950 Nels Lakes
Hillary,Medhurst,326-298-8015,64918-8041,Goyettebury,New Caledonia,2166 Larson Courts
Eldon,Conn,397-981-8808,99237-5027,Carrollport,Bermuda,9261 Parker Common
Trenton,Prohaska,305-875-1714,83385,New Frederique,Lao People's Democratic Republic,2435 Erdman Ridges
Noah,Runte,177-354-1067,56549-7414,Cartwrightport,Andorra,96232 Aileen Shores
Waldo,Huel,437-286-1206,39664-2021,South Jaquelin,Guinea-Bissau,7422 Kennedi Manor
Scot,Dach,711-393-2032,65338-7856,Daphneemouth,Kyrgyz Republic,326 Mraz Mills
Adonis,Greenfelder,329-538-7775,19368,Lake Aureliofurt,Cuba,9525 Kailyn Lights
Estel,Tromp,990-036-3414,48090,Lillieberg,Maldives,622 Rosetta Forest
Francisco,Stehr,652-818-0418,46261,Lake Andre,United States of America,68321 Tremaine River
Hester,Abbott,903-482-1367,93449-3667,Jettieport,Ukraine,2683 Koch Centers
Keeley,Dickens,465-753-6328,34185-0256,Kossfort,Seychelles,14176 Baumbach Crescent
Johanna,Sawayn,696-890-8355,20842-7909,Clementfort,Syrian Arab Republic,238 Frederique Well
Ebony,Rowe,800-248-1863,58815-8653,South Candidamouth,Maldives,911 Elton Viaduct
Deontae,Hudson,227-138-2027,15630-4331,South Pansy,Russian Federation,12387 Lilian Course
Fausto,Halvorson,845-614-0402,58482,Turcottestad,Fiji,73986 Garrick Extension
Julio,Goldner,585-149-3485,52067,Port Jeremieland,Chile,4434 Gislason Estate
Laverne,Mraz,404-673-3790,21160,West Austyn,Cape Verde,990 Van Roads
Daisy,Lueilwitz,120-877-9357,34524-4781,Croninshire,Burkina Faso,94633 Durward Spring
Cielo,Langworth,487-654-9628,84465-2532,Port Connerfurt,Maldives,889 Leta Views
Keyshawn,Johnston,826-898-4836,78511-0340,West Zola,Nepal,813 Brakus Heights
Sigrid,Rolfson,964-388-0225,67511,South Vickie,New Zealand,25653 Volkman Rest
Elva,Schamberger,141-612-9732,25588-3356,New Adonisland,Guinea,0902 Estrella Junctions
Anahi,Bernhard,710-081-3139,24340,West Raheem,Cook Islands,085 Ferry Bypass
Joanne,Hickle,142-084-8383,53915,Dibbertfort,Brazil,91431 Schinner Ranch
Leta,Abernathy,341-554-2152,27902-2687,Parkerport,Mali,90166 Kendall Mills
Samir,Friesen,492-907-0884,39441,North Margarette,Burkina Faso,42816 Marquardt Summit
Junius,Weissnat,556-474-5047,08950-3774,Marcbury,Romania,6665 Strosin Square
Jacquelyn,Schowalter,910-486-4029,81584,Port Lourdes,Netherlands Antilles,66687 Frami Way
Juvenal,Mraz,909-688-8293,68845,West Onieshire,Spain,360 Kunde Brook
Kristina,McClure,361-298-9491,20025-5556,Willafort,Canada,8218 Pfannerstill Hollow
Robert,Tillman,357-393-4250,90786,Madalynberg,China,8018 Malvina Falls
Ted,Rutherford,462-192-3798,40762,Phoebeville,South Georgia and the South Sandwich Islands,95495 Israel Villages
Jerome,Swift,464-825-6563,38669-1686,North Lillian,Comoros,5726 Gladyce Way
Sydney,Smith,117-670-9700,96796,Faychester,Sudan,742 Janis Ford
Giles,Lebsack,646-967-1304,11641-6515,New Dimitriville,Malawi,10698 Wehner Curve
Ella,Williamson,544-323-6773,71187,New Manley,Virgin Islands, U.S.,5849 Cremin Forest
Consuelo,Herzog,363-217-0029,77639-0103,Williammouth,Martinique,7035 Botsford Square
Sincere,MacGyver,064-860-9868,19715,Harrismouth,Cameroon,56172 Ethel Curve
Aric,Dach,950-282-4566,30929,Fishershire,Marshall Islands,45693 Ward Shoal
Camilla,Vandervort,579-880-1202,13877,Auerstad,Djibouti,57164 Robb Estates
Nola,Senger,493-354-8835,68528,New Clayberg,Albania,59043 Ludwig Bridge
Giovanny,Marks,047-931-8529,15377-6982,North Georgianna,Liberia,3999 Batz Creek
Carolyne,Muller,191-225-3159,50548-8170,Feiltown,Cook Islands,29925 Zander Path
Santos,O'Conner,281-925-1821,47597,Denesikfurt,Honduras,0169 Larson Camp
Jerrod,McKenzie,944-542-4418,54235,Cyrilbury,Saint Martin,577 Hope Way
Lilly,Lockman,098-583-5324,15703,East Eldon,Iran,791 O'Connell Vista
Bell,Cormier,763-932-5682,73215-9285,Lake Jasminhaven,Kenya,1221 Bradtke Overpass
Hettie,Kuvalis,671-216-1569,12290,East Aidanborough,Anguilla,28127 Kaycee Dale
Tom,Breitenberg,572-365-0265,22339,Riceside,Georgia,348 Hermann Unions
Salvador,VonRueden,829-540-9983,95340,McLaughlinbury,Uruguay,66982 Macejkovic Shoals
Rasheed,Crooks,135-495-4835,76036,Port Florida,Serbia,00443 Susan Mountains
Vickie,D'Amore,428-952-9263,86765-2995,New Larissaville,Canada,36544 Rau Roads
Ashlynn,Gleason,672-206-6286,79031,New Clarissaside,Eritrea,57974 Dasia Isle
Kayli,Kemmer,719-108-8576,52259,Dibbertport,Vanuatu,32511 Steuber Lane
Brisa,Hintz,900-032-0628,44682-5612,Port Cleveland,Slovenia,604 Jessyca Ridges
Alba,O'Kon,661-107-7587,11968-0266,Connellychester,Qatar,9684 Raphael Lake
Roxane,Collins,545-962-5000,18962,East Keiraport,Belarus,3560 Kohler Skyway
Jackie,Hauck,019-407-7121,58442-4470,Nienowbury,Antigua and Barbuda,10184 Christiansen Loaf
Curt,Lubowitz,765-900-5268,60100,East Fionafort,Trinidad and Tobago,3982 Alta Mission
Myah,Mann,231-163-2594,84047-0155,New Bradville,Sierra Leone,40790 Presley Station
Herminio,Nienow,340-170-4180,91348,East Yadiraborough,Slovenia,951 Casper Cliffs
Gerard,Pagac,580-133-5505,38706,Legrosmouth,Kazakhstan,991 Sipes Mission
Josh,Quigley,469-219-1713,48221-7961,Jacquelynland,Dominica,437 Connor Expressway
Easton,Gusikowski,975-864-3676,62329-9474,West Laurie,Brunei Darussalam,72200 Fay Villages
Shakira,Emard,038-937-0977,56128-7872,Efrainfurt,Uzbekistan,929 Sonny Trail
Mustafa,Mann,477-699-9883,12057-2985,New Norrisbury,Montenegro,79049 Bartoletti Islands
Jammie,Corkery,174-792-0296,49857,Alexzandermouth,Holy See (Vatican City State),3048 Estelle Expressway
Leon,Lind,753-411-2083,42758,South Mazieborough,Morocco,198 Welch Bypass
Ana,Blick,397-169-7640,24446-8920,North Evie,Mozambique,6995 Jadon Walks
Kaley,Braun,014-093-7365,94895,South Everetteberg,Slovakia (Slovak Republic),7519 Ludwig Dam
Estel,Ryan,683-746-1764,99910-3101,Walkerland,Lebanon,3188 Marks Islands
Taylor,Lueilwitz,233-816-3271,49209-1113,North Ilene,Eritrea,37533 Kuvalis Flat
Alaina,Reichert,020-904-5166,99203-0361,Loyalfort,Uruguay,2721 Pagac Divide
Barton,Mertz,386-628-5035,56959,Lake Hansside,American Samoa,2975 O'Reilly Loop
Davion,Wehner,330-861-6875,43363,Port Frank,Heard Island and McDonald Islands,86772 King Underpass
Angela,Considine,994-821-5258,61196,New Franciscofurt,Gabon,0973 Petra Cove
Jaylon,Stoltenberg,939-141-8644,41408,South Lilyanberg,Saudi Arabia,5073 Crona Flats
Madilyn,Grant,342-694-7917,89215,Ashleighshire,Djibouti,011 Jaskolski Meadows
Lorenza,Steuber,731-149-3840,91219,New Reinashire,Saint Vincent and the Grenadines,07007 Schamberger Squares
Eloy,Waelchi,102-282-0496,11056-7081,Jakubowskihaven,Palestinian Territory,31369 Bergstrom Neck
Deshaun,Bartell,561-936-8457,31774,Steubertown,Fiji,722 Geo Unions
Serena,Johnson,661-049-7870,69610,South Clarabelleshire,Mayotte,984 McCullough Spring
Lewis,Stoltenberg,394-344-7012,65937,Shainabury,Ukraine,91388 Farrell Freeway
Lenore,Smitham,978-878-8131,78059-6572,Lake Lonieshire,Papua New Guinea,0510 Toby Oval
Dwight,Shields,358-724-6492,49178-2839,Holdenchester,Antarctica (the territory South of 60 deg S),04699 Megane Parkways
Rosendo,Crist,390-944-8117,71200-3141,Gideonfurt,Trinidad and Tobago,624 Jaquan Passage
Emma,Nicolas,090-798-7641,40891-5293,Mikelfurt,Iraq,789 Braulio Shoal
